"","","","","","","","",""
"","","","","","","","",""
"","","","","","","","",""
"","","","","","","","",""
"","","","","","","","",""
"","","","","","","","",""
"","","","","","","","",""
"DATO:
LIMeco","FONTE DATI: 
ARPA Lombardia","ANNO DI RIFERIMENTO:
2019","","NOTA:                                           Valutazione annuale provvisoria","","","",""
"","","","","","","","",""
"","","","","","","","",""
"","","","","","","","",""
"","","","","","","","",""
"BACINO IDROGRAFICO","CORSO D'ACQUA","PROVINCIA","COMUNE","LOCALIZZAZIONE","","TIPO DI MONITORAGGIO","LIMeco",""
"","","","","COORD X","COORD Y","","VALORE","CLASSE"
"ADDA PRELACUALE","Adda (Fiume)","CO","Gera Lario","531884","5110769","operativo","0.807","ELEVATO"
"ADDA PRELACUALE","Lesina (Torrente)","SO","Andalo Valtellino","536401","5109423","operativo","0.891","ELEVATO"
"ADDA PRELACUALE","Valle di Aprica (Torrente)","SO","Aprica","587298","5111198","sorveglianza","0.906","ELEVATO"
"ADDA PRELACUALE","Adda Vecchia (Torrente)","SO","Ardenno","549741","5111738","operativo","0.375","SUFFICIENTE"
"ADDA PRELACUALE","Adda (Fiume)","SO","Berbenno di Valtellina","557373","5112015","operativo","0.859","ELEVATO"
"ADDA PRELACUALE","Frodolfo (Torrente)","SO","Bormio","604373","5145917","operativo","0.969","ELEVATO"
"ADDA PRELACUALE","Valfontana (Torrente)","SO","Chiuro","577071","5112777","sorveglianza","-","-"
"ADDA PRELACUALE","Roasco (Torrente)","SO","Grosio","597084","5126601","operativo","1.000","ELEVATO"
"ADDA PRELACUALE","Roasco Occidentale (Torrente)","SO","Grosio","588452","5131716","sorveglianza","-","-"
"ADDA PRELACUALE","Rio di Avedo (Torrente)","SO","Grosio","595851","5135411","sorveglianza","-","-"
"ADDA PRELACUALE","Adda (Fiume)","SO","Lovero","594488","5121058","operativo","0.938","ELEVATO"
"ADDA PRELACUALE","Adda (Fiume)","SO","Montagna in Valtellina","569773","5113064","operativo","0.859","ELEVATO"
"ADDA PRELACUALE","Adda (Fiume)","SO","Sondalo","604273","5135137","sorveglianza","0.758","ELEVATO"
"ADDA PRELACUALE","Mallero (Torrente)","SO","Sondrio","565883","5112478","operativo","0.938","ELEVATO"
"ADDA PRELACUALE","Belviso (Torrente)","SO","Teglio","584898","5112608","operativo","0.938","ELEVATO"
"ADDA PRELACUALE","Caronella (Torrente)","SO","Teglio","584453","511384","operativo","0.906","ELEVATO"
"ADDA PRELACUALE","Belviso (Torrente)","SO","Teglio","586843","5103428","sorveglianza","-","-"
"ADDA PRELACUALE","Poschiavino (Torrente)","SO","Tirano","588738","5118013","operativo","0.891","ELEVATO"
"ADDA PRELACUALE","Adda (Fiume)","SO","Tirano","590467","5118757","sorveglianza","0.938","ELEVATO"
"ADDA PRELACUALE","Masino (Torrente)","SO","ValMasino","545799","5121561","sorveglianza","-","-"
"ADDA PRELACUALE","Adda (Fiume)","SO","Valdidentro","604328","5149327","operativo","1.000","ELEVATO"
"ADDA PRELACUALE","Viola Bormina (Torrente)","SO","Valdidentro","592008","5142947","operativo","-","-"
"ADDA PRELACUALE","Viola Bormina (Torrente)","SO","Valdidentro","602203","5148497","operativo","0.969","ELEVATO"
"ADDA PRELACUALE","Val Foscagno (Torrente)","SO","Valdidentro","597181","5148508","sorveglianza","0.969","ELEVATO"
"ADDA PRELACUALE","Adda (Fiume)","SO","Valdisotto","604123","5142082","sorveglianza","0.844","ELEVATO"
"ADDA PRELACUALE","Adda (Fiume)","SO","Villa di Tirano","587123","5115523","operativo","0.969","ELEVATO"
"ADDA PRELACUALE","Ratti (Torrente)","SO","Verceia","535363","5116114","sorveglianza","0.875","ELEVATO"
"ADDA PRELACUALE","Val Mengasca (Torrente)","SO","Samolaco","529517","5123416","sorveglianza","0.938","ELEVATO"
"ADDA PRELACUALE","Valle del Truzzo (Torrente) - Valle del Drogo (Torrente)","SO","San Giacomo Filippo","528344","5132327","sorveglianza","0.969","ELEVATO"
"ADDA PRELACUALE","Madrasco (Torrente)","SO","Fusine","557377","5111483","sorveglianza","0.969","ELEVATO"
"ADDA PRELACUALE","Saiento (Torrente)","SO","Lovero","594492","5121272","sorveglianza","1.000","ELEVATO"
"ADDA SUBLACUALE","Vailata (Roggia)","BG","Arzago d'Adda","545933","5037070","operativo","0.500","BUONO"
"ADDA SUBLACUALE","Adda (Fiume)","BG","Fara Gera d'Adda","541273","5044460","operativo","0.594","BUONO"
"ADDA SUBLACUALE","Sonna (Torrente)","BG","Pontida","534953","5064790","operativo","0.391","SUFFICIENTE"
"ADDA SUBLACUALE","Vignola (Roggia)","BG","Treviglio","544843","5043100","operativo","0.458","SUFFICIENTE"
"ADDA SUBLACUALE","Acqua Rossa (Roggia)","CR","Capergnanica","550548","5021029","operativo","0.365","SUFFICIENTE"
"ADDA SUBLACUALE","Stanga Marchesa (Roggia)","CR","Cappella Cantone","565827","5009190","operativo","0.393","SUFFICIENTE"
"ADDA SUBLACUALE","Melesa (Roggia)","CR","Casaletto Ceredano","548476","5018303","sorveglianza","0.253","SCARSO"
"ADDA SUBLACUALE","Benzona (Roggia)","CR","Chieve","546713","5020721","operativo","0.219","SCARSO"
"ADDA SUBLACUALE","Adda (Fiume)","CR","Pizzighettone","561386","5003420","sorveglianza","0.508","BUONO"
"ADDA SUBLACUALE","Molgoretta (Torrente)","LC","Lomagna","528653","5057450","operativo","0.656","BUONO"
"ADDA SUBLACUALE","Adda (Fiume)","LC","Olginate","532183","5072320","operativo","0.768","ELEVATO"
"ADDA SUBLACUALE","Curone (Torrente)","LC","Montevecchia","528828","5062689","sorveglianza","0.695","ELEVATO"
"ADDA SUBLACUALE","Curone (Torrente)","LC","Osnago","528802","5059179","sorveglianza","0.680","ELEVATO"
"ADDA SUBLACUALE","Mozzanica (Roggia)","LO","Boffalora d'Adda","538066","5023527","operativo","0.496","SUFFICIENTE"
"ADDA SUBLACUALE","Adda (Collettore)","LO","Castelnuovo Bocca d'Adda","566289","4998165","operativo","0.500","BUONO"
"ADDA SUBLACUALE","Tormo (Roggia)","LO","Crespiatica","544045","5021064","operativo","0.344","SUFFICIENTE"
"ADDA SUBLACUALE","Adda (Fiume)","LO","Montanaso Lombardo","538139","5020770","operativo","0.594","BUONO"
"ADDA SUBLACUALE","Muzza (Colatore)","LO","San Martino in Strada","542458","5012398","operativo","0.492","SUFFICIENTE"
"ADDA SUBLACUALE","Adda (Fiume)","MI","Trezzo sull'Adda","541329","5049984","operativo","0.844","ELEVATO"
"ADDA SUBLACUALE","La Molgora (Torrente)","MI","Truccazzano","534673","5035065","operativo","0.203","SCARSO"
"ADDA SUBLACUALE","La Molgora (Torrente)","MB","Carnate","529462","5055749","sorveglianza","0.227","SCARSO"
"ADDA SUBLACUALE","Molgoretta (Torrente)","MB","Usmate Velate","528532","5055656","sorveglianza","0.289","SCARSO"
"AGOGNA","Agogna (Torrente)","PV","Mezzana Bigli","490322","4990128","operativo","0.552","BUONO"
"AGOGNA","Erbognone (Torrente)","PV","Ottobiano","486751","4999581","operativo","0.341","SUFFICIENTE"
"BREMBO","Lesina (Torrente)","BG","Barzana","544483","5065010","operativo","0.422","SUFFICIENTE"
"BREMBO","Lesina (Torrente)","BG","Bonate Sopra","543803","5058360","operativo","0.219","SCARSO"
"BREMBO","Enel (Canale) - Masnada (Roggia)","BG","Bonate Sotto","544493","5057350","sorveglianza","0.792","ELEVATO"
"BREMBO","Brembo (Fiume)","BG","Brembate di Sopra","545743","5062020","sorveglianza","0.766","ELEVATO"
"BREMBO","Brembo (Fiume)","BG","Canonica d'Adda","543083","5048610","operativo","0.552","BUONO"
"BREMBO","Ambriola (Torrente)","BG","Costa di Serina ","556640","5074400","sorveglianza","-","-"
"BREMBO","Dordo (Torrente)","BG","Filago","542943","5053210","sorveglianza","0.352","SUFFICIENTE"
"BREMBO","Brembo di Mezzoldo (Fiume)","BG","Lenna","552023","5087569","operativo","0.812","ELEVATO"
"BREMBO","Brembo di Carona (Fiume)","BG","Lenna","553183","5087809","sorveglianza","-","-"
"BREMBO","Brembilla (Roggia)","BG","Lurano","550178","5045285","operativo","0.385","SUFFICIENTE"
"BREMBO","Brembo di Mezzoldo (Fiume)","BG","Mezzoldo","551575","5096410","sorveglianza","-","-"
"BREMBO","Quisa (Torrente)","BG","Paladina","547703","5064400","operativo","0.391","SUFFICIENTE"
"BREMBO","Dordo (Torrente)","BG","Palazzago","542033","5063690","operativo","0.375","SUFFICIENTE"
"BREMBO","Enna (Torrente)","BG","San Giovanni Bianco","550689","5080303","sorveglianza","-","-"
"BREMBO","Imagna (Torrente)","BG","Ubiale Clanezzo","546893","5067600","operativo","0.719","ELEVATO"
"BREMBO","Quisa (Torrente)","BG","Valbrembo","547073","5062280","operativo","0.453","SUFFICIENTE"
"BREMBO","Val Nera (Torrente)","BG","Valnegra","553704","5088668","sorveglianza","0.812","ELEVATO"
"BREMBO","Serina o Ambria (Torrente)","BG","Zogno","552953","5072929","operativo","0.781","ELEVATO"
"BREMBO","Valle Piazzatorre (Torrente)","BG","Piazzatorre","554468","5092950","sorveglianza","0.698","ELEVATO"
"BREMBO","Val Parina (Torrente)","BG","Oltre il Colle","560050","5082980","sorveglianza","0.648","BUONO"
"CHIESE SUBLACUALE","Abbioccolo (Torrente)","BS","Lavenone","611212","5067667","sorveglianza","0.750","ELEVATO"
"CHIESE SUBLACUALE","Chiese (Fiume)","BS","Barghe","608964","5060532","operativo","0.766","ELEVATO"
"CHIESE SUBLACUALE","Seriola Di Lonato - Arno (Canale)","BS","Bedizzole","611680","5038581","operativo","0.766","ELEVATO"
"CHIESE SUBLACUALE","Chiese (Fiume)","BS","Montichiari","608488","5028850","operativo","0.609","BUONO"
"CHIESE SUBLACUALE","Chiese (Fiume)","BS","Prevalle","611927","5043228","sorveglianza","0.646","BUONO"
"CHIESE SUBLACUALE","Nozza (Torrente)","BS","Vestone","607989","5061870","operativo","0.734","ELEVATO"
"CHIESE SUBLACUALE","Chiese (Fiume)","BS","Villanuova sul Clisi","612597","5050807","sorveglianza","0.750","ELEVATO"
"CHIESE SUBLACUALE","Agna (Torrente)","BS","Vobarno","616891","5056224","operativo","0.656","BUONO"
"CHIESE SUBLACUALE","Chiese (Fiume)","MN","Canneto sull'Oglio","611032","5001300","operativo","0.380","SUFFICIENTE"
"CHIESE SUBLACUALE","Tovere (Torrente)","BS","Mura","606068","5062074","sorveglianza","0.828","ELEVATO"
"CHIESE SUBLACUALE","Rudone (Rio)","BS","Nuvolento","607967","5044043","operativo","0.492","SUFFICIENTE"
"CHIESE SUBLACUALE","Vendra di Vallio (Torrente)","BS","Gavardo","611160","5050559","sorveglianza","0.633","BUONO"
"CHIESE SUBLACUALE","Tartaro Fabbrezza (Canale)","MN","Castel Goffredo","615457","5020768","operativo","0.656","BUONO"
"FISSERO-TARTARO","Derbasco (Canale)","MN","Roncoferraro","649751","4997270","operativo","0.406","SUFFICIENTE"
"FISSERO-TARTARO","Molinella (Canale)","MN","Roncoferraro","658850","4998410","operativo","0.352","SUFFICIENTE"
"FISSERO-TARTARO","Fissero (Canale) - Canalbianco (Canale)","MN","Serravalle a Po","665800","4995980","operativo","0.562","BUONO"
"FISSERO-TARTARO","Tione (Fiume)","MN","Villimpenta","659946","5001474","operativo","0.234","SCARSO"
"LAGO DI COMO (LARIO)","Perlo (Torrente)","CO","Bellagio-foce","519248","5091407","operativo","0.672","ELEVATO"
"LAGO DI COMO (LARIO)","Perlo (Torrente)","CO","Bellagio-Prà Filippo","517567","5086380","operativo","0.750","ELEVATO"
"LAGO DI COMO (LARIO)","Breggia (Torrente)","CO","Cernobbio","505668","5075716","sorveglianza","0.336","SUFFICIENTE"
"LAGO DI COMO (LARIO)","Cosia (Torrente)","CO","Como","505774","5073331","operativo","0.323","SCARSO"
"LAGO DI COMO (LARIO)","Cosia (Torrente)","CO","Como","508319","5072146","operativo","0.565","BUONO"
"LAGO DI COMO (LARIO)","Albano (Torrente)","CO","Dongo","521704","5108079","sorveglianza","-","-"
"LAGO DI COMO (LARIO)","Liro Caurga (Torrente)","CO","Dosso del Liro","518101","5112935","operativo","0.781","ELEVATO"
"LAGO DI COMO (LARIO)","Sanagra (Torrente)","CO","Grandola ed Uniti","516004","5103755","sorveglianza","0.906","ELEVATO"
"LAGO DI COMO (LARIO)","Liro (Torrente)","CO","Gravedona ed Uniti","518012","5112569","sorveglianza","-","-"
"LAGO DI COMO (LARIO)","Valle Di Villa (Torrente)","CO","Lezzeno","515997","5088410","sorveglianza","0.734","ELEVATO"
"LAGO DI COMO (LARIO)","Sanagra (Torrente)","CO","Menaggio","518689","5096691","operativo","0.812","ELEVATO"
"LAGO DI COMO (LARIO)","Pioverna (Torrente)","LC","Bellano","523112","5098758","operativo","0.680","ELEVATO"
"LAGO DI COMO (LARIO)","Pioverna (Torrente)","LC","Cortenova","528764","5095294","operativo","0.633","BUONO"
"LAGO DI COMO (LARIO)","Varrone (Torrente)","LC","Dervio","523079","5102174","sorveglianza","0.734","ELEVATO"
"LAGO DI COMO (LARIO)","Caldone (Torrente)","LC","Lecco","530850","5077755","operativo","0.445","SUFFICIENTE"
"LAGO DI COMO (LARIO)","Caldone (Torrente)","LC","Lecco","533282","5080311","operativo","0.698","ELEVATO"
"LAGO DI COMO (LARIO)","Grigna (Torrente)","LC","Lecco","533279","5080414","operativo","0.615","BUONO"
"LAGO DI COMO (LARIO)","Valle Meria (Torrente)","LC","Mandello del Lario-foce","524442","5084609","operativo","0.758","ELEVATO"
"LAGO DI COMO (LARIO)","Valle Meria (Torrente)","LC","Mandello del Lario -monte confluenza Val Mala","526895","5086871","operativo","0.781","ELEVATO"
"LAGO DI COMO (LARIO)","Pioverna occidentale (Torrente) ","LC","Pasturo","533501","5086435","sorveglianza","-","-"
"LAGO DI COMO (LARIO)","Pioverna orientale (Torrente) ","LC","Cremeno","535896","5086631","sorveglianza","0.711","ELEVATO"
"LAGO DI COMO (LARIO)","Varrone (Torrente)","LC","Premana","536350","5098542","sorveglianza","-","-"
"LAGO DI COMO (LARIO)","Varrone (Torrente)","LC","Premana","531990","5099808","operativo","0.695","ELEVATO"
"LAGO DI COMO (LARIO)","Rio Torto (Fiume)","LC","Valmadrera","528552","5077980","operativo","0.458","SUFFICIENTE"
"LAGO DI COMO (LARIO)","Esino (Torrente)","LC","Varenna","521911","5095719","operativo","0.508","BUONO"
"LAGO DI COMO (LARIO)","Gallavesa (Torrente)","LC","Vercurago","532454","5072804","operativo","0.586","BUONO"
"LAGO DI COMO (LARIO)","Tavani (Torrente)","LC","Colico","530137","5110704","sorveglianza","0.297","SCARSO"
"LAGO DI GARDA (BENACO)","San Giovanni (Torrente)","BS","Limone sul Garda","638864","5074721","operativo","0.734","ELEVATO"
"LAGO DI GARDA (BENACO)","Di Avigo (Rio)","BS","Manerba del Garda","620313","5045729","operativo","0.508","BUONO"
"LAGO DI GARDA (BENACO)","Toscolano (Torrente)","BS","Toscolano - Maderno","625460","5057308","operativo","0.781","ELEVATO"
"LAGO DI GARDA (BENACO)","Valle del Piles (Torrente)","BS","Tremosine","634502","5076577","sorveglianza","0.727","ELEVATO"
"LAGO DI GARDA (BENACO)","S.Michele (Torrente)","BS","Tremosine","632099","5073171","operativo","0.820","ELEVATO"
"LAGO DI LUGANO (CERESIO)","Civagno (Torrente)","CO","Bene Lario","514437","5097014","sorveglianza","0.812","ELEVATO"
"LAGO DI LUGANO (CERESIO)","Telo di Osteno (Torrente)","CO","Claino con Osteno","506609","5094808","operativo","0.586","BUONO"
"LAGO DI LUGANO (CERESIO)","Cuccio (Torrente)","CO","Porlezza","510076","5097491","sorveglianza","0.766","ELEVATO"
"LAGO DI LUGANO (CERESIO)","Rezzo (Torrente) - Valle del Cagna (Torrente)","CO","Porlezza","509431","5097902","operativo","0.812","ELEVATO"
"LAGO DI LUGANO (CERESIO)","Lagadone (Canale)","CO","Porlezza","510176","5097094","sorveglianza","-","-"
"LAGO DI LUGANO (CERESIO)","Solda (Torrente)","CO","Valsolda","504094","5096861","operativo","0.758","ELEVATO"
"LAGO DI LUGANO (CERESIO)","Bolletta  (Rio)","VA","Porto Ceresio","491874","5083620","operativo","0.393","SUFFICIENTE"
"LAGO D'IDRO (ERIDIO)","Caffaro (Fiume)","BS","Breno","613197","5086251","sorveglianza","0.828","ELEVATO"
"LAGO D'ISEO (SEBINO)","Borlezza (Torrente)","BG","Castro","582583","5072589","sorveglianza","0.641","BUONO"
"LAGO D'ISEO (SEBINO)","Oneto (Torrente)","BG","Castro","582146","5073235","operativo","0.828","ELEVATO"
"LAGO D'ISEO (SEBINO)","Valle di Rino (Torrente)","BG","Tavernola Bergamasca","581560","5072475","sorveglianza","0.719","ELEVATO"
"LAGO D'ISEO (SEBINO)","Italsider (Canale)","BS","Pisogne","586087","5073568","operativo","0.771","ELEVATO"
"LAGO D'ISEO (SEBINO)","Valle Trobiolo (Torrente)","BS","Pisogne","585985","572396","operativo","-","-"
"LAGO MAGGIORE (VERBANO)","Bardello (Fiume)","VA","Brebbia","471584","5076480","operativo","0.417","SUFFICIENTE"
"LAGO MAGGIORE (VERBANO)","Rancina (Torrente) - Caprera (Rio)","VA","Castello Cabiaglio","481532","5081730","sorveglianza","0.828","ELEVATO"
"LAGO MAGGIORE (VERBANO)","Brabbia (Canale)","VA","Cazzago Brabbia","477974","5071646","operativo","0.430","SUFFICIENTE"
"LAGO MAGGIORE (VERBANO)","Giona (Torrente)","VA"," Curiglia con Monteviasco","485999","5102671","sorveglianza","-","-"
"LAGO MAGGIORE (VERBANO)","Colmegno (Torrente)","VA","Dumenza","484059","5096986","sorveglianza","0.875","ELEVATO"
"LAGO MAGGIORE (VERBANO)","Grantorella (Torrente) - Margorabbia (Fiume)","VA","Ferrera di Varese","482703","5087020","operativo","0.562","BUONO"
"LAGO MAGGIORE (VERBANO)","Margorabbia (Fiume)","VA","Germignaga","479420","5093124","operativo","0.719","ELEVATO"
"LAGO MAGGIORE (VERBANO)","Boesio (Torrente)","VA","Laveno Mombello","470834","5083555","operativo","0.453","SUFFICIENTE"
"LAGO MAGGIORE (VERBANO)","Tresa (Fiume)","VA","Luino","480184","5093470","operativo","0.727","ELEVATO"
"LAGO MAGGIORE (VERBANO)","Colmegno (Torrente)","VA","Luino","480930","5096689","operativo","0.828","ELEVATO"
"LAMBRO","Lambro (Fiume)","CO","Castelmarte","518736","5076065","operativo","0.719","ELEVATO"
"LAMBRO","Bova (Torrente)","CO","Erba","515905","5074439","sorveglianza","0.727","ELEVATO"
"LAMBRO","Lambro (Fiume)","CO","Lasnigo","520450","5080954","operativo","0.812","ELEVATO"
"LAMBRO","Lambro (Fiume)","CO","Merone","518988","5068425","operativo","0.766","ELEVATO"
"LAMBRO","Bevera (Torrente)","LC","Costa Masnaga","520393","5068880","operativo","0.414","SUFFICIENTE"
"LAMBRO","Lisone (Cavo)","LO","Castiraga Vidardo","530982","5011585","operativo","0.275","SCARSO"
"LAMBRO","Sillaro Salerano","LO","Lodi Vecchio","532166","5016525","operativo","0.287","SCARSO"
"LAMBRO","Lambro (Fiume)","LO","Orio Litta","541817","5001482","sorveglianza","0.138","CATTIVO"
"LAMBRO","Lambro (Fiume)","LO","Sant'Angelo Lodigiano","532540","5010046","operativo","0.141","CATTIVO"
"LAMBRO","Sillaro (Torrente)","LO","Villanova del Sillaro ","537804","5009236","operativo","0.344","SUFFICIENTE"
"LAMBRO","Naviglio Martesana (Canale)","MI","Milano","519849","5039768","operativo","0.828","ELEVATO"
"LAMBRO","Lambro (Fiume)","MI","Peschiera Borromeo","520853","5032363","sorveglianza","0.281","SCARSO"
"LAMBRO","Redefossi (Cavo)","MI","San Donato Milanese","521127"," 5028353","operativo","0.227","SCARSO"
"LAMBRO","Vettabbia (Cavo)","MI","San Giuliano Milanese","524891","5023595","operativo","0.258","SCARSO"
"LAMBRO","Addetta (Colatore)","MI","Vizzolo Predabissi","526309","5023917","operativo","0.352","SUFFICIENTE"
"LAMBRO","Bevera (Rio)","MB","Briosco","518616","5063303","operativo","0.531","BUONO"
"LAMBRO","Pegorino (Torrente) - della Valle (Torrente)","MB","Correzzana","522463","5054924","sorveglianza","-","-"
"LAMBRO","Lambro (Fiume)","MB","Lesmo","523310","5053544","operativo","0.372","SUFFICIENTE"
"MELLA","Quinzanello (Vaso)","BS","Azzano Mella","586976","5035637","operativo","0.469","SUFFICIENTE"
"MELLA","Mella (Fiume)","BS","Bovegno","598197","5070538","operativo","0.750","ELEVATO"
"MELLA","Mella di Sarle (Torrente)","BS","Bovegno","599217","5071956","operativo","0.875","ELEVATO"
"MELLA","Mella (Fiume)","BS","Castel Mella","589634","5038555","sorveglianza","0.430","SUFFICIENTE"
"MELLA","Mandolossa (Roggia)","BS","Castel Mella","588462","5037974","operativo","0.469","SUFFICIENTE"
"MELLA","Valle Pisseri (Torrente)","BS","Collio","603706","5075069","sorveglianza","0.938","ELEVATO"
"MELLA","Gambidolo (Torrente)","BS","Collio","606454","5074770","sorveglianza","0.891","ELEVATO"
"MELLA","Fiume (Vaso)","BS","Flero","591614","5035651","operativo","0.177","SCARSO"
"MELLA","Laorna (Torrente) - Gandovere (Torrente)","BS","Gussago","589384","5045072","operativo","0.305","SCARSO"
"MELLA","Laorna (Torrente) - Gandovere (Torrente)","BS","Provaglio d'Iseo","584386","5052999","sorveglianza","0.625","BUONO"
"MELLA","Lembrio (Torrente)","BS","Lodrino","597299","5062864","operativo","0.562","BUONO"
"MELLA","Mella del Molinorso (Torrente)","BS","Pezzaze","597160","5068441","operativo","0.688","ELEVATO"
"MELLA","Mella (Fiume)","BS","Pralboino","594878","5013478","sorveglianza","0.323","SCARSO"
"MELLA","Faidana (Torrente) - Gobbia (Torrente)","BS","Sarezzo","593672","5055509","operativo","0.344","SUFFICIENTE"
"MELLA","Mella (Fiume)","BS","Villa Carcina","593484","5053850","operativo","0.391","SUFFICIENTE"
"MELLA","Dorgola (Torrente)","BS","Collio","601787","5074662","sorveglianza","0.719","ELEVATO"
"MELLA","Gombiera (Torrente)","BS","Polaveno","588825","5057518","sorveglianza","0.328","SUFFICIENTE"
"MERA","Schiesone (Torrente)","SO","Prata Camportaccio","530810","5127818","sorveglianza","0.938","ELEVATO"
"MERA","Mera (Fiume)","SO","Samolaco","531489","5120813","operativo","0.938","ELEVATO"
"MERA","Mera (Fiume)","SO","Villa di Chiavenna","538589","5130979","operativo","0.938","ELEVATO"
"MINCIO","Redone (Torrente)","BS","Pozzolengo","626220","5027799","operativo","0.391","SUFFICIENTE"
"MINCIO","Gherardo (Canale)","MN","Bagnolo San Vito","648601","4995810","operativo","0.320","SCARSO"
"MINCIO","Osone Vecchio (Cavo)","MN","Castellucchio","630671","5000640","operativo","0.260","SCARSO"
"MINCIO","Seriola Marchionale (Canale)","MN","Ceresara","623251","5014340","operativo","0.326","SCARSO"
"MINCIO","Caldone (Scolo)","MN","Goito","630530","5013292","operativo","0.305","SCARSO"
"MINCIO","Mincio (Fiume)","MN","Goito","631621","5009360","operativo","0.606","BUONO"
"MINCIO","Mincio (Fiume)","MN","Mantova","644951","4998710","sorveglianza","0.438","SUFFICIENTE"
"MINCIO","Mincio (Fiume)","MN","Marmirolo","633911","5018080","operativo","0.725","ELEVATO"
"MINCIO","Redone (Torrente)","MN","Ponti sul Mincio","633459","5028244","operativo","0.304","SCARSO"
"MINCIO","Fossamana (Fosso)","MN","Porto Mantovano","641328","5010637","operativo","0.628","BUONO"
"MINCIO","Caldone (Canale)","MN","Rodigo","631871","5006450","operativo","0.229","SCARSO"
"MINCIO","Mincio (Fiume)","MN","Rodigo","632196","5004203","operativo","0.362","SUFFICIENTE"
"MINCIO","Mincio (Fiume)","MN","Roncoferraro","653720","4994210","operativo","0.495","SUFFICIENTE"
"MINCIO","Mincio (Fiume)","MN","Volta Mantovana","633422","5018873","operativo","0.661","ELEVATO"
"MINCIO","Mincio (Fiume)","VR","Peschiera del Garda","633031","5032255","operativo","0.840","ELEVATO"
"OGLIO SOPRALACUALE","Oglio (Fiume)","BG","Costa Volpino","585793","5075349","operativo","0.677","ELEVATO"
"OGLIO SOPRALACUALE","Gleno (Torrente)","BG","Vilminore di Scalve","584640","5093430","sorveglianza","0.781","ELEVATO"
"OGLIO SOPRALACUALE","Dezzo (Torrente)","BG","Schilpario","589425","5095550","sorveglianza","-","-"
"OGLIO SOPRALACUALE","Dezzo (Torrente)","BS","Angolo Terme","588772","5083206","operativo","0.812","ELEVATO"
"OGLIO SOPRALACUALE","Allione (Torrente)","BS","Berzo Demo","601262","5104676","sorveglianza","0.875","ELEVATO"
"OGLIO SOPRALACUALE","Grigna (Torrente)","BS","Berzo Inferiore","599422","5086652","operativo","0.734","ELEVATO"
"OGLIO SOPRALACUALE","Poja (Torrente)","BS","Cedegolo","604445","5103574","sorveglianza","-","-"
"OGLIO SOPRALACUALE","Poja di Salarno (Torrente)","BS","Cevo","608677","5103087","sorveglianza","-","-"
"OGLIO SOPRALACUALE","Ogliolo di Edolo (Torrente)","BS","Corteno Golgi ","592827","5112874","sorveglianza","-","-"
"OGLIO SOPRALACUALE","Grigna (Torrente)","BS","Esine","596100","5085882","operativo","0.816","ELEVATO"
"OGLIO SOPRALACUALE","Valle del Resio (Torrente)","BS","Esine","595256","5083630","sorveglianza","-","-"
"OGLIO SOPRALACUALE","Re (Torrente)","BS","Gianico","591838","5079840","operativo","-","-"
"OGLIO SOPRALACUALE","Re (Torrente)","BS","Darfo Boario Terme","592554","5080033","operativo","0.859","ELEVATO"
"OGLIO SOPRALACUALE","Ogliolo di Monno (Torrente)","BS","Monno","603046","5118253","sorveglianza","-","-"
"OGLIO SOPRALACUALE","Allione (Torrente)","BS","Paisco Loveno","594023","5100654","sorveglianza","-","-"
"OGLIO SOPRALACUALE","Trobiolo (Torrente)","BS","Piancogno","596527","5087633","operativo","0.573","BUONO"
"OGLIO SOPRALACUALE","Oglio Frigidolfo (Torrente)","BS","Ponte di Legno","616490","5124205","sorveglianza","-","-"
"OGLIO SOPRALACUALE","Oglio Arcanello (Torrente)","BS","Ponte di Legno","617002","5126467","sorveglianza","-","-"
"OGLIO SOPRALACUALE","Avio (Torrente)","BS","Temù","613158","5122304","operativo","-","-"
"OGLIO SUBLACUALE","Guerna (Torrente)","BG","Adrara San Rocco","574903","5063200","sorveglianza","0.688","ELEVATO"
"OGLIO SUBLACUALE","Sale (Roggia)","BG","Cividate al Piano","564650","5044610","operativo","0.833","ELEVATO"
"OGLIO SUBLACUALE","Uria (Torrente)","BG","Credaro","571883","5055650","operativo","0.469","SUFFICIENTE"
"OGLIO SUBLACUALE","Cherio (Fiume)","BG","Palosco","565193","5048040","operativo","0.354","SUFFICIENTE"
"OGLIO SUBLACUALE","Rillo (Torrente)","BG","Palosco","565929","5048492","operativo","0.352","SUFFICIENTE"
"OGLIO SUBLACUALE","Bolgare (Roggia)","BG","Palosco","564863","5049790","operativo","0.383","SUFFICIENTE"
"OGLIO SUBLACUALE","Guerna (Torrente)","BG","Sarnico","573353","5057320","operativo","0.719","ELEVATO"
"OGLIO SUBLACUALE","Cherio (Fiume)","BG","Trescore Balneario","566083","5059930","operativo","0.781","ELEVATO"
"OGLIO SUBLACUALE","Garza (Torrente)","BS","Bovezzo","597214","5048589","operativo","0.570","BUONO"
"OGLIO SUBLACUALE","Oglio (Fiume)","BS","Capriolo","571393","5055331","operativo","0.776","ELEVATO"
"OGLIO SUBLACUALE","Garza (Torrente)","BS","Castenedolo","599938","5034253","operativo","0.357","SUFFICIENTE"
"OGLIO SUBLACUALE","Baioncello (Roggia)","BS","Castrezzato","575631","5039788","operativo","0.646","BUONO"
"OGLIO SUBLACUALE","Seriola Castrina (Canale)","BS","Cazzago San Martino","581451","5042650","operativo","0.656","BUONO"
"OGLIO SUBLACUALE","Trenzana (Roggia)","BS","Chiari","570989","5041674","sorveglianza","0.750","ELEVATO"
"OGLIO SUBLACUALE","Seriola Gambara (Vaso)","BS","Fiesse","603315","5009571","operativo","0.273","SCARSO"
"OGLIO SUBLACUALE","Bambinello (Vaso)","BS","Gottolengo","600719","5019330","operativo","0.385","SUFFICIENTE"
"OGLIO SUBLACUALE","Oglio (Fiume)","BS","Palazzolo sull'Oglio","568760","5049790","operativo","0.753","ELEVATO"
"OGLIO SUBLACUALE","Naviglio Grande Bresciano (Canale) ","BS","Rezzato","604125","5040270","operativo","0.594","BUONO"
"OGLIO SUBLACUALE","Seriola Fusia (Roggia)","BS","Rovato","578364","5045748","operativo","0.750","ELEVATO"
"OGLIO SUBLACUALE","Seriola Nuova di Chiari (Canale)","BS","Rovato","578543","5043852","operativo","0.771","ELEVATO"
"OGLIO SUBLACUALE","Vescovada (Roggia)","BS","Rudiano","571236","5036987","sorveglianza","0.652","BUONO"
"OGLIO SUBLACUALE","Strone (Fiume)","BS","Verolanuova","584376","5019348","sorveglianza","0.195","SCARSO"
"OGLIO SUBLACUALE","Oglio (Fiume)","CR","Castelvisconti","574407","5018782","operativo","0.596","BUONO"
"OGLIO SUBLACUALE","Ciria (Cavo)","CR","Cicognolo","595082","5001888","operativo","0.479","SUFFICIENTE"
"OGLIO SUBLACUALE","Ciria (Cavo)","CR","Corte de' Frati","587137","5006659","operativo","0.638","BUONO"
"OGLIO SUBLACUALE","Naviglio Grande Pallavicino (Canale) ","CR","Cumignano sul Naviglio","565558","5022066","operativo","0.531","BUONO"
"OGLIO SUBLACUALE","Dugale Aspice (Colatore)","CR","Gabbioneta Binanuova","596647","5006834","operativo","0.234","SCARSO"
"OGLIO SUBLACUALE","Oglio (Fiume)","CR","Gabbioneta Binanuova","592177","5010314","operativo","0.422","SUFFICIENTE"
"OGLIO SUBLACUALE","Cidellara - Piave (Scolo)","CR","Isola Dovarese","602417","5003649","operativo","0.193","SCARSO"
"OGLIO SUBLACUALE","Diversivo Magio (Cavo)","CR","Piadena","609555","4997836","operativo","0.242","SCARSO"
"OGLIO SUBLACUALE","Laghetto (Colatore)","CR","Piadena","609637","4998642","operativo","0.180","SCARSO"
"OGLIO SUBLACUALE","Navarolo (Canale)","CR","Rivarolo del Re ed Uniti","612962","4988842","operativo","0.323","SCARSO"
"OGLIO SUBLACUALE","Delmona Vecchia (Canale)","CR","Vescovato","591664","4998715","operativo","0.190","SCARSO"
"OGLIO SUBLACUALE","Tartaro Fuga (Canale)","MN","Acquanegra sul Chiese","617591","5000540","operativo","0.276","SCARSO"
"OGLIO SUBLACUALE","Tagliata (Canale)","MN","Bozzolo/Calvatone","617840","4998239","operativo","0.258","SCARSO"
"OGLIO SUBLACUALE","Oglio (Fiume)","MN","Canneto sull'Oglio","603222","5003730","operativo","0.227","SCARSO"
"OGLIO SUBLACUALE","Naviglio S. Zeno (Canale) - Naviglio Inferiore di Isorella (Canale) - Naviglio di Canneto (Canale)","MN","Canneto sull'Oglio","608231","5000140","operativo","0.224","SCARSO"
"OGLIO SUBLACUALE","Acque Alte (Canale)","MN","Gazzuolo","623943","4992640","operativo","0.320","SCARSO"
"OGLIO SUBLACUALE","Riglio (Scolo)","MN","Gazzuolo","625561","4989110","operativo","0.336","SUFFICIENTE"
"OGLIO SUBLACUALE","Oglio (Fiume)","MN","Marcaria","630031","4988850","operativo","0.279","SCARSO"
"OGLIO SUBLACUALE","Cavata (Scolo)","MN","Redondesco","619961","5000470","operativo","0.242","SCARSO"
"OGLIO SUBLACUALE","Dugale Casumenta (Canale)","MN","Sabbioneta","618501","4982260","operativo","0.203","SCARSO"
"OGLIO SUBLACUALE","Navarolo (Canale)","MN","Viadana","628591","4986730","operativo","0.289","SCARSO"
"OLONA-LAMBRO MERIDIONALE","Lura (Torrente)","CO","Bulgarograsso","501216","5065699","operativo","0.383","SUFFICIENTE"
"OLONA-LAMBRO MERIDIONALE","Antiga (Torrente)","CO","Limido Comasco","497785","5059626","operativo","-","-"
"OLONA-LAMBRO MERIDIONALE","Lura (Torrente)","CO","Lomazzo","503358","5060725","operativo","0.430","SUFFICIENTE"
"OLONA-LAMBRO MERIDIONALE","Lambro Meridionale (Fiume)","LO","Sant'Angelo Lodigiano","531753","5009630","sorveglianza","0.113","CATTIVO"
"OLONA-LAMBRO MERIDIONALE","Merlata (Torrente)","MI","Baranzate","508066","5041930","operativo","0.367","SUFFICIENTE"
"OLONA-LAMBRO MERIDIONALE","Pudica (Torrente)","MI","Baranzate","509548","5041753","operativo","0.266","SCARSO"
"OLONA-LAMBRO MERIDIONALE","Bozzente (Torrente)","MI","Lainate","501606","5044089","operativo","0.250","SCARSO"
"OLONA-LAMBRO MERIDIONALE","Olona (Fiume)","MI","Legnano","493815","5048417","operativo","0.263","SCARSO"
"OLONA-LAMBRO MERIDIONALE","Lambro Meridionale (Colatore)","MI","Locate di Triulzi","515886","5022866","operativo","0.122","CATTIVO"
"OLONA-LAMBRO MERIDIONALE","Olona (Fiume)","MI","Pero","505376","5040332","sorveglianza","0.192","SCARSO"
"OLONA-LAMBRO MERIDIONALE","Olona (Fiume)","MI","Rho","501549","5041408","operativo","0.242","SCARSO"
"OLONA-LAMBRO MERIDIONALE","Lura (Torrente)","MI","Rho","503984","5040945","operativo","-","-"
"OLONA-LAMBRO MERIDIONALE","Ranza (Torrente)","VA","Malnate","490854","5072630","operativo","0.359","SUFFICIENTE"
"OLONA-LAMBRO MERIDIONALE","Olona (Fiume)","VA","Varese","488499","5074040","sorveglianza","0.513","BUONO"
"OLONA-LAMBRO MERIDIONALE","Vellone (Torrente)","VA","Varese","489135","5072476","operativo","0.469","SUFFICIENTE"
"OLONA-LAMBRO MERIDIONALE","Bevera (Torrente)","VA","Varese","489784","5074200","operativo","0.531","BUONO"
"Po","Naviglio di Melotta (Canale)","CR","Casaletto di Sopra","562905","5029138","operativo","0.422","SUFFICIENTE"
"Po","Naviglio Dugale Robecco (Canale)","CR","Cremona","581842","5001675","operativo","0.295","SCARSO"
"Po","Naviglio Civico di Cremona (Canale)","CR","Cremona","579689","5001134","operativo","0.299","SCARSO"
"Po","Po (Fiume)","CR","Cremona","578225","4997690","operativo","0.500","BUONO"
"Po","Naviglio Civico di Cremona (Canale)","CR","Genivolta","566719","5020440","operativo","0.380","SUFFICIENTE"
"Po","Morbasco (Colatore)","CR","Gerre de' Caprioli","581490","4995207","operativo","0.195","SCARSO"
"Po","Il Riolo (Canale)","CR","Gussola","606442","4981951","operativo","0.469","SUFFICIENTE"
"Po","Dugale Pozzolo (Colatore)","CR","San Daniele Po","592601","4989607","sorveglianza","0.469","SUFFICIENTE"
"Po","Morbasco (Colatore)","CR","Sesto ed Uniti","575204","5001480","operativo","0.312","SCARSO"
"Po","Riglio (Roggia)","CR","Spinadesco","575121","4998597","operativo","0.301","SCARSO"
"Po","Fossadone","CR","Stagno Lombardo","583823","4989380","operativo","0.323","SCARSO"
"Po","Brembiolo (Roggia)","LO","Casalpusterlengo","551048","5002828","operativo","0.219","SCARSO"
"Po","Gandiolo (Colatore)","LO","Castelnuovo Bocca d'Adda","568347","4996159","operativo","0.219","SCARSO"
"Po","Brembiolo (Roggia)","LO","Fombio","553960","4996845","operativo","0.333","SUFFICIENTE"
"Po","Mortizza (Rio) - Ancona (Colatore)","LO","Santo Stefano Lodigiano","557955","4994966","operativo","0.172","SCARSO"
"Po","Po (Fiume)","LO","Somaglia","549962","4997541","operativo","0.497","SUFFICIENTE"
"Po","Po (Fiume)","MN","Borgo Virgilio","638271","4989500","operativo","0.385","SUFFICIENTE"
"Po","Fossaviva (Canale)","MN","Borgo Virgilio","637060","4990658","operativo","0.332","SUFFICIENTE"
"Po","Roncocorrente (Canale)","MN","Borgo Virgilio","635651","4990430","operativo","0.159","CATTIVO"
"Po","Secchia (Fiume)","MN","Moglia","657489","4990502","operativo","0.305","SCARSO"
"Po","Trigolaro (Colatore)","MN","Pegognaga","645551","4986830","operativo","0.258","SCARSO"
"Po","Sabbioncello (Canale)","MN","Quistello","658340","4989636","operativo","0.469","SUFFICIENTE"
"Po","Bonifica Mantovana","MN","San Benedetto Po","656774","4990301","operativo","0.305","SCARSO"
"Po","Dugale Parmigiana Moglia (Canale)","MN","San Benedetto Po","657020","4989640","operativo","0.328","SCARSO"
"Po","Po (Fiume)","MN","Sermide","680440","4987210","operativo","0.432","SUFFICIENTE"
"Po","Fossalta (Canale)","MN","Sermide","678890","4979960","operativo","0.359","SUFFICIENTE"
"Po","Po (Fiume)","MN","Viadana","621271","4974341","operativo","0.419","SUFFICIENTE"
"Po","Po (Fiume)","PV","Arena Po","527116","4994228","operativo","0.638","BUONO"
"Po","Ghiaia di Montalto (Torrente)","PV","Borgo Priolo","512453","4979771","operativo","0.635","BUONO"
"Po","Di Valle (Roggia) - Scaricatore della Roggia di Valle - Breme (Canale)","PV","Breme","469547","4996335","sorveglianza","0.406","SUFFICIENTE"
"Po","Coppa (Torrente)","PV","Bressana Bottarone","509773","4991821","operativo","0.297","SCARSO"
"Po","Curone (Torrente)","PV","Casei Gerola","494433","4983591","operativo","0.844","ELEVATO"
"Po","Staffora (Torrente)","PV","Cervesina","501263","4989403","operativo","0.456","SUFFICIENTE"
"Po","Reale (Colatore) - Divisa (Colatore)","PV","Chignolo Po","540497","4997878","operativo","0.375","SUFFICIENTE"
"Po","Scrivia (Torrente)","PV","Cornale","492553","4988381","operativo","-","-"
"Po","Versa (Torrente)","PV","Golferenzo","523473","4979721","operativo","0.604","BUONO"
"Po","Olona (Roggia)","PV","Lardirago","517750","5013464","operativo","0.398","SUFFICIENTE"
"Po","Scuropasso (Torrente)","PV","Mezzanino","515453","4997152","operativo","0.438","SUFFICIENTE"
"Po","Ariazzolo (Colatore)","PV","Pieve Albignola","497649","4992545","sorveglianza","-","-"
"Po","Ariazzolo (Colatore)","PV","Sannazzaro de' Burgondi ","492592","4992654","sorveglianza","0.273","SCARSO"
"Po","Riadino (Canale) ","PV","Pieve del Cairo","485796","4988164","sorveglianza","0.375","SUFFICIENTE"
"Po","Olonetta di Zerbo (Colatore)","PV","Pieve Porto Morone","532411","4994681","sorveglianza","0.133","CATTIVO"
"Po","Nizza (Torrente)","PV","Ponte Nizza","508529","4966677","operativo","0.805","ELEVATO"
"Po","Po (Fiume)","PV","Rea","512479","4996805","sorveglianza","0.594","BUONO"
"Po","Olona Meridionale (Fiume)","PV","San Zenone al Po","528563","4995111","operativo","0.372","SUFFICIENTE"
"Po","Staffora (Torrente)","PV","Santa Margherita di Staffora","519066","4956812","sorveglianza","0.938","ELEVATO"
"Po","Versa (Torrente)","PV","Stradella","524233","4991381","operativo","0.516","BUONO"
"Po","Lanca dei Gozzi o Piave","PV","Torre d'Isola","503458","5007964","sorveglianza","-","-"
"Po","Staffora (Torrente)","PV","Varzi","512753","4963441","operativo","0.875","ELEVATO"
"Po","Terdoppio (Torrente)","PV","Vigevano","485693","5015441","operativo","0.414","SUFFICIENTE"
"Po","Staffora (Torrente)","PV","Voghera","501293","4978481","operativo","0.812","ELEVATO"
"Po","Tidone (Torrente)","PV","Zavattarello","521297","4969540","operativo","0.891","ELEVATO"
"Po","Scavizzolo (Canale)","PV","Zerbolò","498548","5011081","sorveglianza","-","-"
"Po","Terdoppio (Torrente)","PV","Zinasco","502093","4996441","operativo","0.516","BUONO"
"Po","Po Morto - Morciscia (Scolo) - Fuga (Roggia)","PV","Belgioioso","524231","4998790","sorveglianza","0.234","SCARSO"
"Po","Agognetta Ponteverde (Roggia)","PV","Pieve Albignola","499576","4993450","sorveglianza","0.453","SUFFICIENTE"
"SERIO","Luio (Torrente)","BG","Albino","563433","5067959","operativo","0.656","BUONO"
"SERIO","Acqualina (Torrente)","BG","Ardesio","571583","5088589","sorveglianza","-","-"
"SERIO","Serio (Fiume)","BG","Ardesio","571730","5089063","sorveglianza","0.812","ELEVATO"
"SERIO","Morla (Torrente)","BG","Bergamo","553013","5058700","operativo","0.492","SUFFICIENTE"
"SERIO","Morla (Torrente)","BG","Bergamo","551185","5062870","sorveglianza","-","-"
"SERIO","Romna (Torrente)","BG","Casnigo","567145","5072540","sorveglianza","0.458","SUFFICIENTE"
"SERIO","Borgogna (Roggia)","BG","Cavernago","558646","5053805","sorveglianza","0.422","SUFFICIENTE"
"SERIO","Zerra (Torrente)","BG","Mornico al Serio","563085","5048191","operativo","0.320","SCARSO"
"SERIO","Serio (Fiume)","BG","Mozzanica","555433","5036900","sorveglianza","0.422","SUFFICIENTE"
"SERIO","Morlana (Roggia)","BG","Nembro","560693","5066579","operativo","0.828","ELEVATO"
"SERIO","Serio (Fiume)","BG","Ponte Nossa","568513","5077889","operativo","0.680","ELEVATO"
"SERIO","Riso (Torrente)","BG","Ponte Nossa","568273","5078699","operativo","0.781","ELEVATO"
"SERIO","Serio (Fiume)","BG","Seriate","556095","5059815","sorveglianza","0.641","BUONO"
"SERIO","Vertova (Torrente)","BG","Vertova","566163","5072899","sorveglianza","0.844","ELEVATO"
"SERIO","Albina (Torrente)","BG","Albino","562123","5067379","sorveglianza","0.812","ELEVATO"
"SERIO","Sanguigno (Torrente)","BG","Valgoglio","569477","5091617","sorveglianza","0.969","ELEVATO"
"SERIO","Cresmiero (Roggia)","CR","Crema","554443","5021565","operativo","0.395","SUFFICIENTE"
"SERIO","Molinara (Roggia)","CR","Crema","554564","5024439","operativo","0.352","SUFFICIENTE"
"SERIO","Serio (Fiume)","CR","Montodine","555780","5014647","operativo","0.331","SUFFICIENTE"
"SERIO","Serio Morto ","CR","Pizzighettone","563712","5006216","operativo","0.292","SCARSO"
"SERIO","Serio (Fiume)","CR","Sergnano","555527","5030943","operativo","0.299","SCARSO"
"SEVESO","Serenza (Torrente)","CO","Carimate","509169","5060796","operativo","-","-"
"SEVESO","Seveso (Torrente)","CO","Fino Mornasco","504454","5066690","operativo","0.383","SUFFICIENTE"
"SEVESO","Seveso (Torrente)","CO","Vertemate con Minoprio","506515","5064482","operativo","0.430","SUFFICIENTE"
"SEVESO","Seveso (Torrente)","MI","Paderno Dugnano","512143","5048222","operativo","0.336","SUFFICIENTE"
"SEVESO","Seveso (Torrente)","MB","Lentate sul Seveso","510244","5057483","operativo","0.266","SCARSO"
"SEVESO","Terrò (Torrente)","MB","Seveso","511500","5054745","operativo","0.219","SCARSO"
"SPOL","Federia (Torrente)","SO","Livigno","587132","5156223","operativo","0.969","ELEVATO"
"TICINO SUBLACUALE","Ticino (Fiume)","MI","Abbiategrasso","489058","5023529","operativo","0.771","ELEVATO"
"TICINO SUBLACUALE","Scolmatore Piene Nord - Ovest (Canale)","MI","Abbiategrasso","488978","5025946","operativo","0.406","SUFFICIENTE"
"TICINO SUBLACUALE","Naviglio Pavese (Canale)","MI","Casarile","508413","5017926","operativo","0.578","BUONO"
"TICINO SUBLACUALE","Ticino (Fiume)","MI","Cuggiono","482390","5037871","sorveglianza","0.715","ELEVATO"
"TICINO SUBLACUALE","Naviglio Grande (Canale)","MI","Milano","513138","5033001","operativo","0.581","BUONO"
"TICINO SUBLACUALE","Villoresi (Canale)","MI","Parabiago","497071","5045140","operativo","0.773","ELEVATO"
"TICINO SUBLACUALE","Ticino (Fiume)","PV","Bereguardo","500603","5009021","operativo","0.602","BUONO"
"TICINO SUBLACUALE","Ticino (Fiume)","PV","Pavia","512043","5003021","operativo","0.672","ELEVATO"
"TICINO SUBLACUALE","Ticino (Fiume)","PV","Travacò Siccomario","514973","5000681","operativo","0.612","BUONO"
"TICINO SUBLACUALE","Gravellone (Colatore) - Morasca (Colatore)","PV","Travacò Siccomario","512343","5002190","operativo","0.336","SUFFICIENTE"
"TICINO SUBLACUALE","Lenza (Torrente)","VA","Cadrezzate","472367","5069179","operativo","-","-"
"TICINO SUBLACUALE","Arno (Torrente)","VA","Cassano Magnago","484927","5058433","operativo","0.266","SCARSO"
"TICINO SUBLACUALE","Ticino (Fiume)","VA","Golasecca","473099","5061390","operativo","0.828","ELEVATO"
"TICINO SUBLACUALE","Ticino (Fiume)","VA","Lonate Pozzolo","476953","5048485","operativo","0.812","ELEVATO"
"TICINO SUBLACUALE","Lenza (Torrente)","VA","Sesto Calende-Via Remo Barbieri","470973","5063527","operativo","0.641","BUONO"
"TICINO SUBLACUALE","Lenza (Torrente)","VA","Sesto Calende- Via Oriano di Sotto","472604","5064920","operativo","0.672","ELEVATO"
"TICINO SUBLACUALE","Strona (Torrente)","VA","Somma Lombardo","475330","5058216","operativo","0.445","SUFFICIENTE"
